{"indexes":[{"v":{"$numberInt":"2"},"key":{"_id":{"$numberInt":"1"}},"name":"_id_"},{"v":{"$numberInt":"2"},"key":{"index_name":{"$numberInt":"1"}},"name":"index_name_1","unique":true},{"v":{"$numberInt":"2"},"key":{"fields.field_name":{"$numberInt":"1"}},"name":"fields.field_name_1"},{"v":{"$numberInt":"2"},"key":{"index_name":{"$numberInt":"1"},"index_set_id":{"$numberInt":"1"}},"name":"index_name_1_index_set_id_1","unique":true}],"uuid":"748b617e399442da86ae5a3398ec3aed","collectionName":"index_field_types","type":"collection"}