{"indexes":[{"v":{"$numberInt":"2"},"key":{"_id":{"$numberInt":"1"}},"name":"_id_"},{"v":{"$numberInt":"2"},"key":{"_fts":"text","_ftsx":{"$numberInt":"1"}},"name":"first_name_text_middle_name_text_last_name_text","weights":{"first_name":{"$numberInt":"1"},"last_name":{"$numberInt":"1"},"middle_name":{"$numberInt":"1"}},"default_language":"english","language_override":"language","textIndexVersion":{"$numberInt":"3"}}],"uuid":"1cf6a98e9c704341bd95094ebb9ba272","collectionName":"employees","type":"collection"}