{"indexes":[{"v":{"$numberInt":"2"},"key":{"_id":{"$numberInt":"1"}},"name":"_id_"},{"v":{"$numberInt":"2"},"key":{"min_processed_timestamp":{"$numberInt":"1"}},"name":"min_processed_timestamp_1"},{"v":{"$numberInt":"2"},"key":{"max_processed_timestamp":{"$numberInt":"1"}},"name":"max_processed_timestamp_1"},{"v":{"$numberInt":"2"},"key":{"event_definition_id":{"$numberInt":"1"}},"name":"event_definition_id_1","unique":true}],"uuid":"dd68fc8f705349e68fc6d1f35083c08c","collectionName":"event_processor_state","type":"collection"}