{"indexes":[{"v":{"$numberInt":"2"},"key":{"_id":{"$numberInt":"1"}},"name":"_id_"},{"v":{"$numberInt":"2"},"key":{"status":{"$numberInt":"1"}},"name":"status_1"},{"v":{"$numberInt":"2"},"key":{"start_time":{"$numberInt":"1"}},"name":"start_time_1"},{"v":{"$numberInt":"2"},"key":{"end_time":{"$numberInt":"1"}},"name":"end_time_1"},{"v":{"$numberInt":"2"},"key":{"next_time":{"$numberInt":"1"}},"name":"next_time_1"},{"v":{"$numberInt":"2"},"key":{"job_definition_id":{"$numberInt":"1"}},"name":"job_definition_id_1"},{"v":{"$numberInt":"2"},"key":{"lock.owner":{"$numberInt":"1"}},"name":"lock.owner_1"}],"uuid":"6ad8ab9c742e4fe4946aa723b57e6b81","collectionName":"scheduler_triggers","type":"collection"}